{"name":"total","sii":23.324234234,"sii_lower":3423.23432,"sii_upper":88.234234,"p_sii":0.2432,"rii":0.32423423432,"rii_lower":0.446673634312656,"rii_upper":0.24343,"p_rii":0.23423,"children":[]}